{
    "counter": {
        "ACTIVE": 4440,
        "INACTIVE": 840,
        "INVALID": 0,
        "MALICIOUS": 0,
        "SANE": 0,
        "VALID": 0,
        "total": 5280
    },
    "percentage": {
        "ACTIVE": 84.0909090909091,
        "INACTIVE": 15.915119363395226,
        "INVALID": 0.0,
        "MALICIOUS": 0.0,
        "SANE": 0.0,
        "VALID": 0.0,
        "total": 100.00602845430431
    }
}