{
    "counter": {
        "ACTIVE": 4740,
        "INACTIVE": 1891,
        "INVALID": 0,
        "MALICIOUS": 0,
        "SANE": 0,
        "VALID": 0,
        "total": 6631
    },
    "percentage": {
        "ACTIVE": 71.48243100588147,
        "INACTIVE": 28.54770531400966,
        "INVALID": 0,
        "MALICIOUS": 0,
        "SANE": 0,
        "VALID": 0,
        "total": 100.03013631989113
    }
}