{
    "counter": {
        "ACTIVE": 3760,
        "INACTIVE": 1364,
        "INVALID": 0,
        "MALICIOUS": 0,
        "SANE": 0,
        "VALID": 0,
        "total": 5124
    },
    "percentage": {
        "ACTIVE": 73.38017174082748,
        "INACTIVE": 26.645829263528032,
        "INVALID": 0,
        "MALICIOUS": 0,
        "SANE": 0,
        "VALID": 0,
        "total": 100.0260010043555
    }
}