{
    "counter": {
        "ACTIVE": 4460,
        "INACTIVE": 847,
        "INVALID": 0,
        "MALICIOUS": 0,
        "SANE": 0,
        "VALID": 0,
        "total": 5307
    },
    "percentage": {
        "ACTIVE": 84.039947239495,
        "INACTIVE": 15.963060686015831,
        "INVALID": 0.0,
        "MALICIOUS": 0.0,
        "SANE": 0.0,
        "VALID": 0.0,
        "total": 100.00300792551084
    }
}