{
    "counter": {
        "ACTIVE": 5083,
        "INACTIVE": 2062,
        "INVALID": 0,
        "MALICIOUS": 0,
        "SANE": 0,
        "VALID": 0,
        "total": 7145
    },
    "percentage": {
        "ACTIVE": 71.15061590145577,
        "INACTIVE": 28.859342197340798,
        "INVALID": 0,
        "MALICIOUS": 0,
        "SANE": 0,
        "VALID": 0,
        "total": 100.00995809879656
    }
}