{
    "counter": {
        "ACTIVE": 5089,
        "INACTIVE": 2089,
        "INVALID": 0,
        "MALICIOUS": 0,
        "SANE": 0,
        "VALID": 0,
        "total": 7178
    },
    "percentage": {
        "ACTIVE": 70.89718584563946,
        "INACTIVE": 29.127161182375907,
        "INVALID": 0,
        "MALICIOUS": 0,
        "SANE": 0,
        "VALID": 0,
        "total": 100.02434702801537
    }
}