{
    "counter": {
        "ACTIVE": 5243,
        "INACTIVE": 2164,
        "INVALID": 0,
        "MALICIOUS": 0,
        "SANE": 0,
        "VALID": 0,
        "total": 7407
    },
    "percentage": {
        "ACTIVE": 70.78439314162279,
        "INACTIVE": 29.21560685837721,
        "INVALID": 0.0,
        "MALICIOUS": 0.0,
        "SANE": 0.0,
        "VALID": 0.0,
        "total": 100.0
    }
}