{
    "counter": {
        "ACTIVE": 5242,
        "INACTIVE": 2164,
        "INVALID": 0,
        "MALICIOUS": 0,
        "SANE": 0,
        "VALID": 0,
        "total": 7406
    },
    "percentage": {
        "ACTIVE": 70.78044828517419,
        "INACTIVE": 29.219551714825815,
        "INVALID": 0.0,
        "MALICIOUS": 0.0,
        "SANE": 0.0,
        "VALID": 0.0,
        "total": 100.0
    }
}