{
    "counter": {
        "ACTIVE": 4432,
        "INACTIVE": 839,
        "INVALID": 0,
        "MALICIOUS": 0,
        "SANE": 0,
        "VALID": 0,
        "total": 5271
    },
    "percentage": {
        "ACTIVE": 84.08271675203946,
        "INACTIVE": 15.932396505886821,
        "INVALID": 0.0,
        "MALICIOUS": 0.0,
        "SANE": 0.0,
        "VALID": 0.0,
        "total": 100.01511325792629
    }
}