{
    "counter": {
        "ACTIVE": 5263,
        "INACTIVE": 2170,
        "INVALID": 0,
        "MALICIOUS": 0,
        "SANE": 0,
        "VALID": 0,
        "total": 7433
    },
    "percentage": {
        "ACTIVE": 70.8058657338894,
        "INACTIVE": 29.194134266110588,
        "INVALID": 0.0,
        "MALICIOUS": 0.0,
        "SANE": 0.0,
        "VALID": 0.0,
        "total": 100.0
    }
}