{
    "counter": {
        "ACTIVE": 3698,
        "INACTIVE": 1335,
        "INVALID": 0,
        "MALICIOUS": 0,
        "SANE": 0,
        "VALID": 0,
        "total": 5033
    },
    "percentage": {
        "ACTIVE": 73.5042735042735,
        "INACTIVE": 26.524935426187163,
        "INVALID": 0,
        "MALICIOUS": 0,
        "SANE": 0,
        "VALID": 0,
        "total": 100.02920893046067
    }
}