{
    "counter": {
        "ACTIVE": 5257,
        "INACTIVE": 2171,
        "INVALID": 0,
        "MALICIOUS": 0,
        "SANE": 0,
        "VALID": 0,
        "total": 7428
    },
    "percentage": {
        "ACTIVE": 70.77275175013463,
        "INACTIVE": 29.227248249865376,
        "INVALID": 0.0,
        "MALICIOUS": 0.0,
        "SANE": 0.0,
        "VALID": 0.0,
        "total": 100.0
    }
}