{
    "counter": {
        "ACTIVE": 4619,
        "INACTIVE": 1866,
        "INVALID": 0,
        "MALICIOUS": 0,
        "SANE": 0,
        "VALID": 0,
        "total": 6485
    },
    "percentage": {
        "ACTIVE": 71.22590593677718,
        "INACTIVE": 28.827437046191875,
        "INVALID": 0,
        "MALICIOUS": 0,
        "SANE": 0,
        "VALID": 0,
        "total": 100.05334298296906
    }
}