{
    "counter": {
        "ACTIVE": 4462,
        "INACTIVE": 847,
        "INVALID": 0,
        "MALICIOUS": 0,
        "SANE": 0,
        "VALID": 0,
        "total": 5309
    },
    "percentage": {
        "ACTIVE": 84.0459596910906,
        "INACTIVE": 15.963060686015831,
        "INVALID": 0.0,
        "MALICIOUS": 0.0,
        "SANE": 0.0,
        "VALID": 0.0,
        "total": 100.00902037710644
    }
}