{
    "counter": {
        "ACTIVE": 4049,
        "INACTIVE": 1549,
        "INVALID": 0,
        "MALICIOUS": 0,
        "SANE": 0,
        "VALID": 0,
        "total": 5598
    },
    "percentage": {
        "ACTIVE": 72.32940335834226,
        "INACTIVE": 27.68048606147248,
        "INVALID": 0,
        "MALICIOUS": 0,
        "SANE": 0,
        "VALID": 0,
        "total": 100.00988941981474
    }
}