{
    "counter": {
        "ACTIVE": 5256,
        "INACTIVE": 2170,
        "INVALID": 0,
        "MALICIOUS": 0,
        "SANE": 0,
        "VALID": 0,
        "total": 7426
    },
    "percentage": {
        "ACTIVE": 70.77834635065985,
        "INACTIVE": 29.221653649340155,
        "INVALID": 0.0,
        "MALICIOUS": 0.0,
        "SANE": 0.0,
        "VALID": 0.0,
        "total": 100.0
    }
}