{
    "counter": {
        "ACTIVE": 4587,
        "INACTIVE": 1858,
        "INVALID": 0,
        "MALICIOUS": 0,
        "SANE": 0,
        "VALID": 0,
        "total": 6445
    },
    "percentage": {
        "ACTIVE": 71.17145073700543,
        "INACTIVE": 28.83302296710118,
        "INVALID": 0,
        "MALICIOUS": 0,
        "SANE": 0,
        "VALID": 0,
        "total": 100.0044737041066
    }
}