{
    "counter": {
        "ACTIVE": 5070,
        "INACTIVE": 2056,
        "INVALID": 0,
        "MALICIOUS": 0,
        "SANE": 0,
        "VALID": 0,
        "total": 7126
    },
    "percentage": {
        "ACTIVE": 71.15789473684211,
        "INACTIVE": 28.85209093460567,
        "INVALID": 0,
        "MALICIOUS": 0,
        "SANE": 0,
        "VALID": 0,
        "total": 100.00998567144778
    }
}