{
    "counter": {
        "ACTIVE": 3417,
        "INACTIVE": 589,
        "INVALID": 0,
        "MALICIOUS": 0,
        "SANE": 0,
        "VALID": 0,
        "total": 4006
    },
    "percentage": {
        "ACTIVE": 85.29705441837244,
        "INACTIVE": 14.702945581627558,
        "INVALID": 0.0,
        "MALICIOUS": 0.0,
        "SANE": 0.0,
        "VALID": 0.0,
        "total": 100.0
    }
}