{
    "counter": {
        "DropCatch.com 550 LLC": 1,
        "DropCatch.com 793 LLC": 1,
        "Dynadot LLC": 1,
        "Gandi SAS": 1,
        "Gname.com Pte. Ltd.": 1,
        "GoDaddy.com, LLC": 9,
        "Google LLC": 1,
        "Hongkong Domain Name Information Management Co., Limited": 1,
        "NETHOUSE-RU": 1,
        "NameCheap, Inc.": 4,
        "NameSilo, LLC": 4,
        "PDR Ltd. d/b/a PublicDomainRegistry.com": 2,
        "RU-CENTER-RU": 1,
        "SNAPNAMES 84, LLC": 1,
        "URL Solutions, Inc.": 1,
        "West263 International Limited": 1,
        "total": 31
    },
    "percentage": {
        "DropCatch.com 550 LLC": 3.225806451612903,
        "DropCatch.com 793 LLC": 3.225806451612903,
        "Dynadot LLC": 3.225806451612903,
        "Gandi SAS": 3.225806451612903,
        "Gname.com Pte. Ltd.": 3.225806451612903,
        "GoDaddy.com, LLC": 29.032258064516128,
        "Google LLC": 3.225806451612903,
        "Hongkong Domain Name Information Management Co., Limited": 3.225806451612903,
        "NETHOUSE-RU": 3.225806451612903,
        "NameCheap, Inc.": 12.903225806451612,
        "NameSilo, LLC": 12.903225806451612,
        "PDR Ltd. d/b/a PublicDomainRegistry.com": 6.451612903225806,
        "RU-CENTER-RU": 3.225806451612903,
        "SNAPNAMES 84, LLC": 3.225806451612903,
        "URL Solutions, Inc.": 3.225806451612903,
        "West263 International Limited": 3.225806451612903,
        "total": 99.99999999999997
    }
}